seqname,tax_id
C1,g__C1
C42m,g__C42m
C42l,g__C42l
C42k,g__C42k
C1j,g__C1j
C42j,g__C42j
C42i,g__C42i
C1b,g__C1b
C3f,g__C3f
C3h,g__C3h
C1au,g__C1au
C115k,g__C115k
C3bj,g__C3bj
C3j,g__C3j
C3,g__C3
C50f,g__C50f
C3k,g__C3k
C21,g__C21
C3g,g__C3g
C3ba,g__C3ba
C42b,g__C42b
C42a,g__C42a
C3cg,g__C3cg
C1k,g__C1k
C1r,g__C1r
C1bq,g__C1bq
C45c,g__C45c
C3ch,g__C3ch
C3p,g__C3p
C42h,g__C42h
C42x,g__C42x
C1c,g__C1c
C1h,g__C1h
C15n,g__C15n
C15ai,g__C15ai
C15bm,g__C15bm
C15l,g__C15l
C15ae,g__C15ae
C15cn,g__C15cn
C116i,g__C116i
C1cb,g__C1cb
C72k,g__C72k
C1al,g__C1al
D2,g__D2
C3au,g__C3au
C41,g__C41
C29,g__C29
C39,g__C39
C3ck,g__C3ck
C1x,g__C1x
C93a,g__C93a
C3bl,g__C3bl
C3.2,g__C3.2
C1af,g__C1af
D4,g__D4
C3cj,g__C3cj
C3i,g__C3i
C15av,g__C15av
C1bt,g__C1bt
C1bz,g__C1bz
C72i,g__C72i
A1,g__A1
D4k,g__D4k
A1bv,g__A1bv
A1p,g__A1p
D6c,g__D6c
D1d,g__D1d
D1r,g__D1r
D2a,g__D2a
D6d,g__D6d
A1x,g__A1x
C3bk,g__C3bk
C3bu,g__C3bu
A1bw,g__A1bw
A1bx,g__A1bx
A1g,g__A1g
A1b,g__A1b
C1f,g__C1f
C1a,g__C1a
C41e,g__C41e
C15r,g__C15r
C1ai,g__C1ai
C1am,g__C1am
C1an,g__C1an
C1ao,g__C1ao
C39a,g__C39a
C15u,g__C15u
C15v,g__C15v
C15x,g__C15x
C3cl,g__C3cl
C3cm,g__C3cm
A1ej,g__A1ej
C15ah,g__C15ah
C93.1,g__C93.1
C3u,g__C3u
C3an,g__C3an
C41c,g__C41c
C41d,g__C41d
C41g,g__C41g
C1bv,g__C1bv
C41o,g__C41o
A1bk,g__A1bk
A1ak,g__A1ak
A1ah,g__A1ah
A1f,g__A1f
A1ap,g__A1ap
C91f,g__C91f
C91i,g__C91i
C91h,g__C91h
C22b,g__C22b
A1eq,g__A1eq
C91e,g__C91e
C15w,g__C15w
C15ap,g__C15ap
D4d,g__D4d
D4c,g__D4c
D5,g__D5
D4i,g__D4i
D4j,g__D4j
D17,g__D17
D1o,g__D1o
D1v,g__D1v
D17c,g__D17c
D3,g__D3
C15i,g__C15i
C15s,g__C15s
A1cl,g__A1cl
A1bh,g__A1bh
A1du,g__A1du
C41a,g__C41a
A1cm,g__A1cm
A1cn,g__A1cn
C15au,g__C15au
C2b,g__C2b
A1bg,g__A1bg
C3ab,g__C3ab
C15as,g__C15as
C15k,g__C15k
A1ef,g__A1ef
D17e,g__D17e
D5d,g__D5d
D17l,g__D17l
D1ao,g__D1ao
A1cj,g__A1cj
D1al,g__D1al
A1ag,g__A1ag
A1ca,g__A1ca
C15ch,g__C15ch
C15dc,g__C15dc
A1co,g__A1co
D3e,g__D3e
D1b,g__D1b
A1bc,g__A1bc
A1au,g__A1au
A1as,g__A1as
A1al,g__A1al
A1an,g__A1an
A1cp,g__A1cp
A1ck,g__A1ck
C72a,g__C72a
A1s,g__A1s
C60a,g__C60a
A1at,g__A1at
A1aq,g__A1aq
A1am,g__A1am
A1ae,g__A1ae
A1c,g__A1c
A1ar,g__A1ar
A1u,g__A1u
A1bb,g__A1bb
A1bj,g__A1bj
A1bi,g__A1bi
C15ak,g__C15ak
A1l,g__A1l
A1cr,g__A1cr
C116d,g__C116d
C163b,g__C163b
A1aj,g__A1aj
A1ct,g__A1ct
C39d,g__C39d
A1cd,g__A1cd
A1cx,g__A1cx
A1be,g__A1be
C15p,g__C15p
C72b,g__C72b
D1i,g__D1i
C116r,g__C116r
C116s,g__C116s
C15at,g__C15at
C15ao,g__C15ao
A1eg,g__A1eg
C3dx,g__C3dx
D1x,g__D1x
A1dq,g__A1dq
D1g,g__D1g
C3bq,g__C3bq
C115,g__C115
C3z,g__C3z
C50b,g__C50b
C3bp,g__C3bp
C3bd,g__C3bd
C3bo,g__C3bo
C15cf,g__C15cf
D4g,g__D4g
G3d,g__G3d
D5b,g__D5b
D5f,g__D5f
D17a,g__D17a
C3m,g__C3m
C3l,g__C3l
C3r,g__C3r
C3ao,g__C3ao
C3d,g__C3d
C3ai,g__C3ai
C115b,g__C115b
C3ak,g__C3ak
C3aj,g__C3aj
A13c,g__A13c
D5e,g__D5e
C3ar,g__C3ar
C3bn,g__C3bn
C27a,g__C27a
D9a,g__D9a
A4m,g__A4m
B1h,g__B1h
B1p,g__B1p
B1a,g__B1a
B1g,g__B1g
A4q,g__A4q
A13a,g__A13a
A13b,g__A13b
A7l,g__A7l
A5d,g__A5d
A3a,g__A3a
A7b,g__A7b
A7a,g__A7a
A16f,g__A16f
A16d,g__A16d
A7d,g__A7d
A7m,g__A7m
A7f,g__A7f
A7j,g__A7j
A7h,g__A7h
C91c,g__C91c
C91g,g__C91g
C91d,g__C91d
A3e,g__A3e
G3l,g__G3l
A16p,g__A16p
A16s,g__A16s
A16q,g__A16q
C50k,g__C50k
C21j,g__C21j
C21i,g__C21i
C21h,g__C21h
C3bh,g__C3bh
A4g,g__A4g
A4j,g__A4j
A4o,g__A4o
C42e,g__C42e
B5u,g__B5u
B5m,g__B5m
B5g,g__B5g
B5v,g__B5v
B5w,g__B5w
B5e,g__B5e
B5b,g__B5b
B5c,g__B5c
B5h,g__B5h
B5j,g__B5j
B5d,g__B5d
C3cb,g__C3cb
B5f,g__B5f
B5n,g__B5n
C10,g__C10
B5ab,g__B5ab
A4c,g__A4c
C87b,g__C87b
C120d,g__C120d
C42c,g__C42c
C42d,g__C42d
C120c,g__C120c
A4f,g__A4f
C1ak,g__C1ak
C3cu,g__C3cu
C1bd,g__C1bd
C1ad,g__C1ad
D1f,g__D1f
C116b,g__C116b
C1ac,g__C1ac
C123b,g__C123b
C123a,g__C123a
A4a,g__A4a
C16a,g__C16a
A16c,g__A16c
C21k,g__C21k
C10b,g__C10b
C21w,g__C21w
C21ag,g__C21ag
C3bf,g__C3bf
C3ds,g__C3ds
C1bx,g__C1bx
C75e,g__C75e
C75d,g__C75d
C3bi,g__C3bi
B1s,g__B1s
C3ae,g__C3ae
C3.10,g__C3.10
C3b,g__C3b
C3a,g__C3a
C3aq,g__C3aq
C42g,g__C42g
C1ah,g__C1ah
C115d,g__C115d
A1az,g__A1az
C15.8,g__C15.8
C15m,g__C15m
C116,g__C116
C42n,g__C42n
C15ar,g__C15ar
C1w,g__C1w
D1,g__D1
C72,g__C72
A1bf,g__A1bf
A1z,g__A1z
A1k,g__A1k
C3bb,g__C3bb
C40c,g__C40c
A1v,g__A1v
C1ae,g__C1ae
C41f,g__C41f
C15c,g__C15c
C91,g__C91
C15d,g__C15d
C41b,g__C41b
C41h,g__C41h
A1e,g__A1e
A1d,g__A1d
C15h,g__C15h
D10,g__D10
D1h,g__D1h
C15a,g__C15a
C15an,g__C15an
C93b,g__C93b
C15z,g__C15z
C39k,g__C39k
C3v,g__C3v
C39j,g__C39j
A1t,g__A1t
C3ax,g__C3ax
C3bv,g__C3bv
C3y,g__C3y
C15j,g__C15j
C3t,g__C3t
C3bw,g__C3bw
D17d,g__D17d
A1w,g__A1w
C1n,g__C1n
C89,g__C89
A1aa,g__A1aa
A1y,g__A1y
C116l,g__C116l
C41i,g__C41i
A1q,g__A1q
D1l,g__D1l
C7,g__C7
C1aa,g__C1aa
C15ab,g__C15ab
A1a,g__A1a
A1aw,g__A1aw
C2a,g__C2a
A1ab,g__A1ab
C3bx,g__C3bx
A1ao,g__A1ao
A1af,g__A1af
A1m,g__A1m
A1ba,g__A1ba
A1bl,g__A1bl
C6a,g__C6a
C3o,g__C3o
B1,g__B1
C1t,g__C1t
C1l,g__C1l
C39b,g__C39b
C15ad,g__C15ad
C116e,g__C116e
C15e,g__C15e
C15g,g__C15g
C116f,g__C116f
C1u,g__C1u
C3ad,g__C3ad
A1r,g__A1r
D9,g__D9
A13,g__A13
A7g,g__A7g
C1g,g__C1g
C3ag,g__C3ag
C39g,g__C39g
C39i,g__C39i
C15aa,g__C15aa
C72c,g__C72c
A1bn,g__A1bn
A1ay,g__A1ay
A1ax,g__A1ax
C3av,g__C3av
C57a,g__C57a
C3x,g__C3x
A1bd,g__A1bd
D1j,g__D1j
C72d,g__C72d
A1i,g__A1i
D2b,g__D2b
A1n,g__A1n
C116g,g__C116g
C116k,g__C116k
D2.2,g__D2.2
C1e,g__C1e
C39f,g__C39f
D1u,g__D1u
C15o,g__C15o
A1o,g__A1o
D1s,g__D1s
C1v,g__C1v
C72e,g__C72e
C1z,g__C1z
D1k,g__D1k
D1t,g__D1t
C116m,g__C116m
D2c,g__D2c
C66,g__C66
C15al,g__C15al
C21b,g__C21b
C15ac,g__C15ac
C3at,g__C3at
D1m,g__D1m
C18a,g__C18a
C3bm,g__C3bm
C50a,g__C50a
C115c,g__C115c
C42o,g__C42o
B2,g__B2
C42f,g__C42f
C115a,g__C115a
A3d,g__A3d
D5i,g__D5i
C15q,g__C15q
C3bs,g__C3bs
D5g,g__D5g
C3w,g__C3w
D5c,g__D5c
C3ap,g__C3ap
C3ca,g__C3ca
C3bz,g__C3bz
C3aw,g__C3aw
D17b,g__D17b
C3as,g__C3as
C3bt,g__C3bt
C40,g__C40
C27,g__C27
D17f,g__D17f
A1av,g__A1av
D17g,g__D17g
C22a,g__C22a
C45b,g__C45b
C15am,g__C15am
A4,g__A4
B1d,g__B1d
A13d,g__A13d
A1bm,g__A1bm
B1e,g__B1e
A4d,g__A4d
A4k,g__A4k
C1s,g__C1s
C1i,g__C1i
A16a,g__A16a
G3a,g__G3a
C91b,g__C91b
A7k,g__A7k
A7o,g__A7o
A7q,g__A7q
A7i,g__A7i
C91a,g__C91a
C15ag,g__C15ag
A7n,g__A7n
A16h,g__A16h
C15af,g__C15af
C3q,g__C3q
C40d,g__C40d
C50c,g__C50c
C21e,g__C21e
D6a,g__D6a
C3ah,g__C3ah
C50d,g__C50d
C3ci,g__C3ci
C3cc,g__C3cc
C8d,g__C8d
C8,g__C8
B5a,g__B5a
B5ac,g__B5ac
B5i,g__B5i
C3bg,g__C3bg
B5l,g__B5l
B5z,g__B5z
C3e,g__C3e
C1o,g__C1o
D1e,g__D1e
A3c,g__A3c
D4h,g__D4h
D4e,g__D4e
C17,g__C17
C17b,g__C17b
C1q,g__C1q
C50e,g__C50e
C123,g__C123
C45a,g__C45a
A4h,g__A4h
C16,g__C16
A16b,g__A16b
C3bc,g__C3bc
C116a,g__C116a
C21d,g__C21d
C3ha,g__C3ha
C92a,g__C92a
C17c,g__C17c
C116c,g__C116c
C21g,g__C21g
B5x,g__B5x
B5y,g__B5y
C10a,g__C10a
A4e,g__A4e
B5q,g__B5q
C3af,g__C3af
B5r,g__B5r
C46,g__C46
C3n,g__C3n
B5t,g__B5t
B5aa,g__B5aa
A4n,g__A4n
C3br,g__C3br
C21c,g__C21c
C3be,g__C3be
C1p,g__C1p
C75a,g__C75a
C75c,g__C75c
C75b,g__C75b
C1ab,g__C1ab
C21f,g__C21f
C3ac,g__C3ac
C116h,g__C116h
C26,g__C26
B19b,g__B19b
B19a,g__B19a
D17h,g__D17h
C3ce,g__C3ce
C3cf,g__C3cf
A1bp,g__A1bp
A1bq,g__A1bq
A1br,g__A1br
A1bs,g__A1bs
C3aa,g__C3aa
A4i,g__A4i
A4l,g__A4l
B1f,g__B1f
C1y,g__C1y
D5j,g__D5j
A1bo,g__A1bo
A1bt,g__A1bt
C71a,g__C71a
C71,g__C71
C21a,g__C21a
A1ci,g__A1ci
A1cc,g__A1cc
A1cf,g__A1cf
C1aj,g__C1aj
A1ch,g__A1ch
A10,g__A10
A4p,g__A4p
C41j,g__C41j
C65a,g__C65a
B1i,g__B1i
B1j,g__B1j
C21o,g__C21o
C21p,g__C21p
C21q,g__C21q
C21r,g__C21r
C21s,g__C21s
C21t,g__C21t
G3b,g__G3b
A1db,g__A1db
A1dc,g__A1dc
A1dd,g__A1dd
A1de,g__A1de
C72f,g__C72f
C116n,g__C116n
A1cs,g__A1cs
A1cu,g__A1cu
A1cv,g__A1cv
A1cw,g__A1cw
C72g,g__C72g
A1cz,g__A1cz
C21l,g__C21l
C21m,g__C21m
F5b,g__F5b
F5c,g__F5c
C66a,g__C66a
G3f,g__G3f
G3g,g__G3g
G3h,g__G3h
D2d,g__D2d
G3c,g__G3c
C15aw,g__C15aw
C1ap,g__C1ap
C3ay,g__C3ay
C3by,g__C3by
D17n,g__D17n
C40e,g__C40e
C3c,g__C3c
C15aq,g__C15aq
C15aj,g__C15aj
C39e,g__C39e
C3am,g__C3am
C39h,g__C39h
A16e,g__A16e
B19,g__B19
B5s,g__B5s
D1w,g__D1w
D4l,g__D4l
A1bz,g__A1bz
A1cq,g__A1cq
D17i,g__D17i
C1aq,g__C1aq
E1,g__E1
F1,g__F1
I1,g__I1
I2,g__I2
I3,g__I3
I4,g__I4
G1,g__G1
G2,g__G2
G2a,g__G2a
G3,g__G3
G4,g__G4
H1,g__H1
H1a,g__H1a
H2,g__H2
H3,g__H3
H4a,g__H4a
H5,g__H5
H5a,g__H5a
F2,g__F2
F2b,g__F2b
F3.1,g__F3.1
F3.1a,g__F3.1a
F3.2,g__F3.2
F3.2a,g__F3.2a
F3.3,g__F3.3
F3.4,g__F3.4
F3.4a,g__F3.4a
F4.1,g__F4.1
F4.1a,g__F4.1a
F4.2,g__F4.2
F4.2a,g__F4.2a
F4.2b,g__F4.2b
F4.2c,g__F4.2c
F4.3,g__F4.3
F4.3a,g__F4.3a
F4.3b,g__F4.3b
F4.3c,g__F4.3c
F4.4,g__F4.4
F4.4a,g__F4.4a
F4.4b,g__F4.4b
F4.5,g__F4.5
F4.6,g__F4.6
F4.7,g__F4.7
F4.8,g__F4.8
F4.8a,g__F4.8a
F4.8b,g__F4.8b
F4.8c,g__F4.8c
F5.1,g__F5.1
F5.1a,g__F5.1a
F5.1b,g__F5.1b
F5.1c,g__F5.1c
F5.2,g__F5.2
F5.2b,g__F5.2b
F5.2c,g__F5.2c
F5.2e,g__F5.2e
F5.2f,g__F5.2f
A1.2,g__A1.2
A2,g__A2
A4.1,g__A4.1
A4.2,g__A4.2
A4.3,g__A4.3
A6,g__A6
A8,g__A8
A9,g__A9
A11,g__A11
A12,g__A12
A14,g__A14
A15,g__A15
A15a,g__A15a
A15c,g__A15c
B1m,g__B1m
B3,g__B3
B2a,g__B2a
B4,g__B4
B6,g__B6
B13,g__B13
B8,g__B8
B9,g__B9
B10,g__B10
B11,g__B11
B14,g__B14
B17,g__B17
B18,g__B18
B18a,g__B18a
B20,g__B20
B21,g__B21
B23,g__B23
B30,g__B30
B31,g__B31
B31a,g__B31a
B32,g__B32
B33,g__B33
B36,g__B36
B37,g__B37
B40,g__B40
C1.5,g__C1.5
C1.6,g__C1.6
C1.7,g__C1.7
C3ff,g__C3ff
C3L,g__C3L
C3.7,g__C3.7
C3.8,g__C3.8
C3.9,g__C3.9
C3.11,g__C3.11
C3.12,g__C3.12
C3.14,g__C3.14
C4,g__C4
C5,g__C5
C6,g__C6
C8a,g__C8a
C8b,g__C8b
C8c,g__C8c
C9,g__C9
C11,g__C11
C14,g__C14
C15L,g__C15L
C15.1,g__C15.1
C15.3,g__C15.3
C15.5,g__C15.5
C15.9,g__C15.9
C17a,g__C17a
C17.2,g__C17.2
C18,g__C18
C19,g__C19
C20,g__C20
C21.11,g__C21.11
C21.12,g__C21.12
C21.13,g__C21.13
C21.14,g__C21.14
C21.16,g__C21.16
C22,g__C22
C23,g__C23
C24,g__C24
C25,g__C25
C28,g__C28
C30.2,g__C30.2
C31,g__C31
C31c,g__C31c
C31.1,g__C31.1
C31.5,g__C31.5
C31.6,g__C31.6
C31.9,g__C31.9
C31.10,g__C31.10
C32,g__C32
C33.2,g__C33.2
C33a,g__C33a
C34,g__C34
C35.1,g__C35.1
C35.3,g__C35.3
C36,g__C36
C37,g__C37
C38,g__C38
C38a,g__C38a
C40a,g__C40a
C40b,g__C40b
C43,g__C43
C44,g__C44
C44a,g__C44a
C45.3,g__C45.3
C46a,g__C46a
C47,g__C47
C48,g__C48
C50,g__C50
C51,g__C51
C52,g__C52
C53,g__C53
C54a,g__C54a
C56,g__C56
C56a,g__C56a
C57,g__C57
C59,g__C59
C60,g__C60
C61,g__C61
C62,g__C62
C63a,g__C63a
C64,g__C64
C65,g__C65
C66b,g__C66b
C67,g__C67
C69,g__C69
C70,g__C70
C73,g__C73
C74,g__C74
C75,g__C75
C76,g__C76
C77,g__C77
C78,g__C78
C78a,g__C78a
C79,g__C79
C80,g__C80
C81,g__C81
C82,g__C82
C84,g__C84
C84a,g__C84a
C86,g__C86
C87,g__C87
C92,g__C92
C94,g__C94
C94a,g__C94a
C96,g__C96
C105,g__C105
C105a,g__C105a
C106,g__C106
C106a,g__C106a
C107,g__C107
C107a,g__C107a
C107b,g__C107b
C110,g__C110
C112,g__C112
C113,g__C113
C119,g__C119
C120,g__C120
C120a,g__C120a
C124,g__C124
C128,g__C128
C163a,g__C163a
D1.6,g__D1.6
D7,g__D7
D13,g__D13
D12,g__D12
D15,g__D15
D8,g__D8
D11,g__D11
F2a,g__F2a
A6a,g__A6a
F3a,g__F3a
F2c,g__F2c
A1dh,g__A1dh
A2b,g__A2b
F2d,g__F2d
D4r,g__D4r
A7t,g__A7t
B5ae,g__B5ae
C42q,g__C42q
A1er,g__A1er
F5d,g__F5d
F5e,g__F5e
A16o,g__A16o
A16m,g__A16m
A2c,g__A2c
A1di,g__A1di
C50j,g__C50j
C50i,g__C50i
C115i,g__C115i
C7a,g__C7a
C66c,g__C66c
B1k,g__B1k
A2a,g__A2a
A4r,g__A4r
C3dg,g__C3dg
C21y,g__C21y
C1ar,g__C1ar
C21x,g__C21x
C21z,g__C21z
C58a,g__C58a
C1as,g__C1as
C21aa,g__C21aa
C115f,g__C115f
C3cn,g__C3cn
C3co,g__C3co
C115e,g__C115e
C1at,g__C1at
C3cp,g__C3cp
C42p,g__C42p
C15ax,g__C15ax
C3cq,g__C3cq
C41k,g__C41k
D1ab,g__D1ab
C3cr,g__C3cr
A1df,g__A1df
D4m,g__D4m
C15ay,g__C15ay
C1av,g__C1av
C1aw,g__C1aw
C115g,g__C115g
C3cs,g__C3cs
A16i,g__A16i
A16j,g__A16j
C3ct,g__C3ct
C1ax,g__C1ax
C115h,g__C115h
C50g,g__C50g
C50h,g__C50h
F5a,g__F5a
A13e,g__A13e
D3c,g__D3c
C15az,g__C15az
C1ay,g__C1ay
C22c,g__C22c
D1ac,g__D1ac
C27b,g__C27b
A7r,g__A7r
A7s,g__A7s
A16k,g__A16k
C15ba,g__C15ba
A5a,g__A5a
A16l,g__A16l
B5ad,g__B5ad
C12a,g__C12a
A7v,g__A7v
A7w,g__A7w
A7x,g__A7x
C15be,g__C15be
C15bf,g__C15bf
A7u,g__A7u
C42r,g__C42r
C42s,g__C42s
C15bg,g__C15bg
C116o,g__C116o
C116p,g__C116p
C1bb,g__C1bb
C66e,g__C66e
C66f,g__C66f
C15bu,g__C15bu
C15bh,g__C15bh
C42ac,g__C42ac
C42ad,g__C42ad
C66g,g__C66g
G3i,g__G3i
C116t,g__C116t
G3w,g__G3w
C66h,g__C66h
C66i,g__C66i
C15bw,g__C15bw
C15bv,g__C15bv
C15bj,g__C15bj
C66j,g__C66j
C66k,g__C66k
C15bx,g__C15bx
C15bi,g__C15bi
C42v,g__C42v
C42w,g__C42w
C42t,g__C42t
C57b,g__C57b
C15cg,g__C15cg
D1aj,g__D1aj
C42u,g__C42u
C57c,g__C57c
C1az,g__C1az
C15bc,g__C15bc
A8a,g__A8a
A8b,g__A8b
C1ba,g__C1ba
C66d,g__C66d
G3e,g__G3e
G3t,g__G3t
C3dh,g__C3dh
G3j,g__G3j
C15bk,g__C15bk
C15bl,g__C15bl
D5l,g__D5l
C66m,g__C66m
G3o,g__G3o
G3v,g__G3v
C3cv,g__C3cv
C3cw,g__C3cw
A1dj,g__A1dj
C4a,g__C4a
C15bo,g__C15bo
D17j,g__D17j
A1dk,g__A1dk
D17k,g__D17k
C3cx,g__C3cx
C15bp,g__C15bp
A1dl,g__A1dl
C1bc,g__C1bc
C72h,g__C72h
C15br,g__C15br
D9b,g__D9b
C21ab,g__C21ab
C3cy,g__C3cy
C3cz,g__C3cz
D17m,g__D17m
D7a,g__D7a
D5k,g__D5k
C27c,g__C27c
D1ae,g__D1ae
C15bs,g__C15bs
G3k,g__G3k
A16n,g__A16n
C15bt,g__C15bt
C1be,g__C1be
D1af,g__D1af
C66l,g__C66l
C1bf,g__C1bf
G3m,g__G3m
D1ai,g__D1ai
G3n,g__G3n
D2e,g__D2e
F3b,g__F3b
C1bg,g__C1bg
C66n,g__C66n
C15dj,g__C15dj
C27d,g__C27d
C15by,g__C15by
C3da,g__C3da
C15bz,g__C15bz
C1bh,g__C1bh
C15ca,g__C15ca
G3p,g__G3p
C42z,g__C42z
C42y,g__C42y
C42aa,g__C42aa
C42ab,g__C42ab
D1ak,g__D1ak
F3e,g__F3e
A1ds,g__A1ds
C15cb,g__C15cb
A1dn,g__A1dn
C15cc,g__C15cc
A1do,g__A1do
A1dp,g__A1dp
C15cd,g__C15cd
F3c,g__F3c
C31a,g__C31a
C17f,g__C17f
C31b,g__C31b
C17e,g__C17e
C15cj,g__C15cj
C15ck,g__C15ck
C15cl,g__C15cl
C15cm,g__C15cm
C15ci,g__C15ci
C21ad,g__C21ad
A1dt,g__A1dt
A1dv,g__A1dv
A1dw,g__A1dw
C115j,g__C115j
C1bl,g__C1bl
C1bm,g__C1bm
A1dy,g__A1dy
A1dz,g__A1dz
C3db,g__C3db
A5b,g__A5b
C50l,g__C50l
C1bs,g__C1bs
D1am,g__D1am
C15cv,g__C15cv
C15cw,g__C15cw
C15cx,g__C15cx
C50m,g__C50m
C50n,g__C50n
C15cu,g__C15cu
C15cy,g__C15cy
C15cz,g__C15cz
C15da,g__C15da
C3di,g__C3di
C15db,g__C15db
D4o,g__D4o
C3dj,g__C3dj
C3dl,g__C3dl
A5c,g__A5c
C3dn,g__C3dn
B18b,g__B18b
C3dc,g__C3dc
D5m,g__D5m
C3dd,g__C3dd
C3de,g__C3de
C15cp,g__C15cp
C116q,g__C116q
C1bn,g__C1bn
C15cq,g__C15cq
C1bp,g__C1bp
C15cr,g__C15cr
C15cs,g__C15cs
C3df,g__C3df
C15ct,g__C15ct
A3f,g__A3f
C21ae,g__C21ae
A4s,g__A4s
A4t,g__A4t
C50o,g__C50o
C42ag,g__C42ag
F3d,g__F3d
C1br,g__C1br
D4q,g__D4q
C42ae,g__C42ae
D1an,g__D1an
C8e,g__C8e
C42af,g__C42af
C1bu,g__C1bu
C57e,g__C57e
C57g,g__C57g
C57f,g__C57f
A16r,g__A16r
A1eb,g__A1eb
C22e,g__C22e
C15dd,g__C15dd
C22d,g__C22d
C22g,g__C22g
G3q,g__G3q
G3s,g__G3s
G3u,g__G3u
G3r,g__G3r
C3du,g__C3du
C3dr,g__C3dr
C3dv,g__C3dv
A3h,g__A3h
A3j,g__A3j
A3k,g__A3k
D1ap,g__D1ap
A3i,g__A3i
A1ec,g__A1ec
A1ed,g__A1ed
A1ee,g__A1ee
C3do,g__C3do
C3dp,g__C3dp
C93c,g__C93c
C15df,g__C15df
C22f,g__C22f
C15dg,g__C15dg
C50q,g__C50q
C3dq,g__C3dq
C1bw,g__C1bw
C50r,g__C50r
C50s,g__C50s
C50t,g__C50t
C50u,g__C50u
C41l,g__C41l
C41m,g__C41m
D3d,g__D3d
C3dw,g__C3dw
C50v,g__C50v
C75f,g__C75f
C1by,g__C1by
D1aq,g__D1aq
A4v,g__A4v
A4w,g__A4w
A4x,g__A4x
C15di,g__C15di
A1ei,g__A1ei
C41n,g__C41n
C64a,g__C64a
C15dh,g__C15dh
A1el,g__A1el
A1em,g__A1em
B14a,g__B14a
B1l,g__B1l
B1n,g__B1n
C105b,g__C105b
C93d,g__C93d
C3dy,g__C3dy
C3ec,g__C3ec
C3eb,g__C3eb
A1en,g__A1en
C3dz,g__C3dz
C3ea,g__C3ea
B1o,g__B1o
C21ai,g__C21ai
C3ed,g__C3ed
C3eh,g__C3eh
C7b,g__C7b
A1eo,g__A1eo
C21ah,g__C21ah
C12d,g__C12d
C7d,g__C7d
B1q,g__B1q
A3m,g__A3m
A3l,g__A3l
B1r,g__B1r
C15dl,g__C15dl
C21af,g__C21af
C3ee,g__C3ee
C40f,g__C40f
C3ef,g__C3ef
E1b,g__E1b
D3f,g__D3f
E1a,g__E1a
A1ep,g__A1ep
C15dm,g__C15dm
C15dn,g__C15dn
C15do,g__C15do
C15dp,g__C15dp
C72j,g__C72j
C3eg,g__C3eg
C1ca,g__C1ca
D1ar,g__D1ar
C15dq,g__C15dq
C15dr,g__C15dr
